FILENAME,AUTHOR,TEXT CREATED
.DS_Store,,
_itartass1.xhtml,Латышев Сергей,2004.09.18
_itartass2.xhtml,Бычков Андрей,2004.09.18
_itartass3.xhtml,Останин Сергей,2004.09.18
_itartass4.xhtml,Ходий Владимир,2004.09.17
_itartass5.xhtml,Зайцев Борис,2004.09.15
_rbk2.xhtml,неизвестный,2004.09.12
_rbk3.xhtml,неизвестный,2004.09.11
_rbk4.xhtml,неизвестный,2004.09.13
_rbk6.xhtml,неизвестный,2004.09.13
_rbk7.xhtml,неизвестный,2004.09.12
_rian1.xhtml,Смотров Александр,2004.09.13
_rian2.xhtml,неизвестный,2004.09.13
_rian3.xhtml,неизвестный,2004.09.10
_rian5.xhtml,неизвестный,2004.09.13